path	modified_secs	size	hash	documented_hash
.kaptaind/analysis/186039ca-ab0b-467d-a4b5-ac2a0bef1b40.json	1783089565	790	8145108094805285944	8145108094805285944
.kaptaind/analysis/18bf3896-9dc5-4e1d-af12-30a9f7ad228c.json	1783089624	800	18266607616595068855	18266607616595068855
.kaptaind/analysis/1ad62013-5ec1-45a6-9603-4bad9cd5c410.json	1783089532	792	14062901605535920964	14062901605535920964
.kaptaind/analysis/1f73563d-99a6-4718-ac9b-0559f6ecc9c1.json	1783089522	800	12100692220922282001	12100692220922282001
.kaptaind/analysis/1f84a3bd-0de6-42a9-801d-b476906377f5.json	1783089552	799	8861767092167522086	8861767092167522086
.kaptaind/analysis/1ffd7c42-112f-4c70-9aba-bdd24b3c1488.json	1783089640	800	7442689958406428090	7442689958406428090
.kaptaind/analysis/2d0d6362-87c2-4db1-84af-e03487fea83c.json	1783089537	797	9544417927671457816	9544417927671457816
.kaptaind/analysis/3064b1e7-a537-4d35-98c0-338fe17a5af3.json	1783089469	788	1594811446142035394	1594811446142035394
.kaptaind/analysis/3081d55f-c455-48bc-b11e-00618089bf7d.json	1783089535	799	5897257572231832434	5897257572231832434
.kaptaind/analysis/316c123b-ca9a-4ee3-a62f-2f05b97b6e82.json	1783089627	790	4037421599703916118	4037421599703916118
.kaptaind/analysis/35d9392a-93bb-4536-8877-80b0f13990dc.json	1783089634	793	6328523164238379576	6328523164238379576
.kaptaind/analysis/39e0e23d-c16d-400d-8c67-5c4e4e22e847.json	1783089531	800	14497251820395790564	14497251820395790564
.kaptaind/analysis/3c909eac-ce73-4996-bb81-d11627e78211.json	1783089502	791	17084311197889718130	17084311197889718130
.kaptaind/analysis/3dd6adad-7e48-4eb9-ad34-40e8df51c8d6.json	1783089561	800	5307382983182420873	5307382983182420873
.kaptaind/analysis/41931d6b-d6f4-4141-87a3-2d135b6f8d31.json	1783089604	792	17311194512201103932	17311194512201103932
.kaptaind/analysis/43fed0a2-1fbc-4d09-a99c-10df75a102e9.json	1783089596	797	5748740459168936120	5748740459168936120
.kaptaind/analysis/4652ed92-bccd-4b3a-978f-289c0909e89f.json	1783089536	791	8956259336844563799	8956259336844563799
.kaptaind/analysis/56169df8-9234-4b85-b891-f017005852eb.json	1783089503	790	13204733507298984158	13204733507298984158
.kaptaind/analysis/5d7888f9-80eb-4726-a4c5-5a944754cc64.json	1783089567	790	9688044340696685748	9688044340696685748
.kaptaind/analysis/60a479c2-bcc1-4506-a70e-6f07dcdf8acf.json	1783089545	800	14069372130369985431	14069372130369985431
.kaptaind/analysis/64e914c1-6703-4b74-9dee-c12b367415a2.json	1783089597	798	13173275733883047030	13173275733883047030
.kaptaind/analysis/6858827f-a62c-43db-b55d-a8546198592c.json	1783089564	800	13361242916594483491	13361242916594483491
.kaptaind/analysis/79a23395-c066-4c97-839e-62bc345ec57b.json	1783089538	792	3540011269519071543	3540011269519071543
.kaptaind/analysis/7cbb8411-2693-46fb-8f7c-65bc4bed838c.json	1783089550	787	12156688547581644458	12156688547581644458
.kaptaind/analysis/7e4a0d07-d565-4377-80e1-0cba006ec3ba.json	1783089595	789	3767003612482776598	3767003612482776598
.kaptaind/analysis/7e6099f4-de05-47b7-a18e-36b1ae02d836.json	1783089564	800	12210294745497049187	12210294745497049187
.kaptaind/analysis/80189b65-d7b2-45e1-b7e0-9aaad0582dfd.json	1783089629	799	15633844982780144978	15633844982780144978
.kaptaind/analysis/826ac6d3-3e28-49b2-b988-5d2b1a53b25e.json	1783089598	796	1270716254422129050	1270716254422129050
.kaptaind/analysis/82c2ec14-13b8-4dd7-a9d0-fb6dc8a174f8.json	1783089574	799	17382836672030326138	17382836672030326138
.kaptaind/analysis/85ae96da-8f9a-4095-99c4-6e40214da2e7.json	1783089562	791	4322112076132937708	4322112076132937708
.kaptaind/analysis/85d6176e-d67e-4e36-9451-4c35813bbc95.json	1783089638	799	14513607073420307314	14513607073420307314
.kaptaind/analysis/89cf3209-9bfc-47e9-b2a1-a47cfb425c4a.json	1783089535	799	4425968706643058830	4425968706643058830
.kaptaind/analysis/9276a9fb-4515-4314-8c03-7dcbb1412f66.json	1783089641	791	2760336956356754135	2760336956356754135
.kaptaind/analysis/9caa3d87-e537-48fa-937d-a7b643fe055f.json	1783089626	797	12989175584131108835	12989175584131108835
.kaptaind/analysis/9d690c3f-5d82-4fec-93ca-cbb31bb61820.json	1783089637	791	17893533184920684350	17893533184920684350
.kaptaind/analysis/a099ca29-af06-4095-9a0e-e97e54e01072.json	1783089633	798	457287228432513544	457287228432513544
.kaptaind/analysis/a4ed4b1a-a3c9-473c-b9aa-663b5b424a43.json	1783089525	792	4893826018321286288	4893826018321286288
.kaptaind/analysis/a6185f86-99a8-4c23-a13d-15576dd9f361.json	1783089630	787	8983141632005157553	8983141632005157553
.kaptaind/analysis/af2be5aa-bbf4-4df2-afba-c28743a73d15.json	1783089533	799	7046311221414116873	7046311221414116873
.kaptaind/analysis/b11eba79-6595-4939-91d4-cc76b5730986.json	1783089566	799	8941540841011414962	8941540841011414962
.kaptaind/analysis/b1ff7acd-af35-4e58-b4f3-cf0c06584e31.json	1783089503	797	8669141575872553295	8669141575872553295
.kaptaind/analysis/b39b69cf-6a51-4371-8b5f-63490e0d59ff.json	1783089563	798	10209284362475766037	10209284362475766037
.kaptaind/analysis/b5c3f66c-b849-4b98-b408-ac938935697d.json	1783089560	800	5311275726102474951	5311275726102474951
.kaptaind/analysis/b5c436cd-923c-4fed-b49c-9c5db2140f94.json	1783089570	798	10027474720590776840	10027474720590776840
.kaptaind/analysis/b744be03-d46e-4164-8868-5df42c58957a.json	1783089543	791	4900073498055155677	4900073498055155677
.kaptaind/analysis/c82668b4-4835-4252-9175-b5f4c44bb8a0.json	1783089504	789	14587898656280743794	14587898656280743794
.kaptaind/analysis/c90ba5bd-5656-4ae7-8032-406520e01f9c.json	1783089571	800	5662181872927331548	5662181872927331548
.kaptaind/analysis/ca7e3a2a-62e0-4725-93a5-184d475b8eaf.json	1783089510	797	13244845269681532745	13244845269681532745
.kaptaind/analysis/ce9f36f4-92d2-489a-9405-cfe9edf84b28.json	1783089571	791	12957820109781381168	12957820109781381168
.kaptaind/analysis/d36405a2-13ff-41a4-a544-0f10c4b623d1.json	1783089540	800	16945082701342705728	16945082701342705728
.kaptaind/analysis/d526aea9-fbeb-401a-84de-93dea41863dc.json	1783089520	791	12556624272514441893	12556624272514441893
.kaptaind/analysis/d9dc6bf3-f172-4c0d-8047-344b102bd368.json	1783089548	800	9869714551287005251	9869714551287005251
.kaptaind/analysis/de5260f4-caa3-4a94-8158-649d8eb9fcbd.json	1783089534	792	10339097644684735288	10339097644684735288
.kaptaind/analysis/e1d79b62-5210-4e80-8361-f53193a9c23a.json	1783089560	791	16305229793246738788	16305229793246738788
.kaptaind/analysis/e2654113-876b-4556-a7b6-91c232111371.json	1783089635	797	3517955849009269799	3517955849009269799
.kaptaind/analysis/e42b9c44-0232-4d4f-a3da-0ffcf233f1db.json	1783089537	792	5873730154831773582	5873730154831773582
.kaptaind/analysis/e7f51231-94cb-4ade-af6b-1d830f086b69.json	1783089516	800	7399861546088607851	7399861546088607851
.kaptaind/analysis/e9d12405-54c9-4aba-bd4a-b1b2c230ddbe.json	1783089631	799	8092183528430398516	8092183528430398516
.kaptaind/analysis/ee10746a-c6ed-4ea0-8049-fb2e40240cb2.json	1783089628	797	1399748005807050452	1399748005807050452
.kaptaind/analysis/ef65a75d-c6ab-4fa1-b21d-30f3a94e6749.json	1783089562	800	2477185836712239582	2477185836712239582
.kaptaind/analysis/faca43da-efc8-4d9e-a80d-4a2184b66a01.json	1783089530	798	4573078035409338966	4573078035409338966
.kaptaind/analysis/fcebe2fb-9a7d-4c1b-9e00-2b6c2003cf72.json	1783089501	798	17893523713766263820	17893523713766263820
.kaptaind/analysis/ff55fd57-3516-4cca-89a9-7da268899136.json	1783089568	800	2305295191277751354	2305295191277751354
.kaptaind/status.json	1783094595	131	5444122364409979220	5444122364409979220
.kaptaind/telemetry.json	1783089641	246	7500609368165211234	7500609368165211234
.kaptaind/version_cache.json	1783089641	134	1864487043653839234	1864487043653839234
AGENTS.md	1778508219	2268	16719414975012223411	16719414975012223411
Cargo.toml	1783089641	375	15798714332843302458	15798714332843302458
README.md	1778508219	4930	12244017823546280862	12244017823546280862
assets/vhs/daemon_observability.tape	1778508219	519	1590512526820133503	1590512526820133503
assets/vhs/differential.tape	1778508219	511	18001265437330748007	18001265437330748007
assets/vhs/interactive_tui.tape	1778508219	491	17358121367924777288	17358121367924777288
assets/vhs/scan_core.tape	1778508219	262	13822707836768058854	13822707836768058854
demo.tape	1778508219	578	12107827508665463728	12107827508665463728
kaptaind.toml	1783089309	633	5923898744681579846	5923898744681579846
scripts/generate_demos.sh	1778508219	684	8775999676578760026	8775999676578760026
src/main.rs	1778508219	57775	17081104025884290883	17081104025884290883
